,사업장명,업태구분명,인허가일자,영업상태명,폐업일자,소재지전체주소,시설총규모
0,마음비어,호프/통닭,20080829,영업/정상,,대전광역시 서구 도마동 69-6번지 2층,78.8
1,따다,호프/통닭,20091009,영업/정상,,대전광역시 서구 도마동 26-8번지 지하1층,101.98
2,내가찜한닭 (배재대점),호프/통닭,20100322,영업/정상,,대전광역시 서구 도마동 25-7번지 2층,153.39
3,투다리식당,호프/통닭,20001129,영업/정상,,대전광역시 서구 변동 30-18번지,48.45
4,매일,호프/통닭,20001212,영업/정상,,대전광역시 서구 도마동 100-19번지,31.86
5,청주식당,호프/통닭,20170329,영업/정상,,대전광역시 서구 도마동 109-13번지,33.98
6,엘빈,호프/통닭,20001226,영업/정상,,대전광역시 서구 도마동 178-77번지,82.16
7,카페프랜드,호프/통닭,20010220,영업/정상,,대전광역시 서구 도마동 50-8번지 1층,37.19
8,로충칭마라탕 도마동점,호프/통닭,20170223,영업/정상,,대전광역시 서구 도마동 25-8번지,80.65
9,복덕얼큰이칼국수,통닭(치킨),20080530,영업/정상,,대전광역시 서구 도마동 128-93번지 1층,65.52
10,속푸리해장국,통닭(치킨),20130515,영업/정상,,대전광역시 서구 변동 56-8번지 1층,45.03
11,드림,호프/통닭,20131108,영업/정상,,대전광역시 서구 변동 49-10번지 1층,43.64
12,푸드스토리,호프/통닭,20131113,영업/정상,,대전광역시 서구 변동 73-61번지 1층,22.03
13,티바두마리치킨,통닭(치킨),20130524,영업/정상,,대전광역시 서구 도마동 85-5번지 1층,40.38
14,대흥치킨,호프/통닭,20130808,영업/정상,,대전광역시 서구 도마동 334-14 1층,44.35
15,소풍7080라이브,호프/통닭,20130604,영업/정상,,대전광역시 서구 변동 73-13번지 지하1층,109.51
16,옐로우,호프/통닭,20141031,영업/정상,,대전광역시 서구 도마동 90-1번지 1층,25.4
17,마니아,호프/통닭,20141110,영업/정상,,대전광역시 서구 변동 62-46번지 지하1층,138.96
18,오늘통닭도마점,통닭(치킨),20130821,영업/정상,,대전광역시 서구 도마동 50-31번지 1층,38.51
19,덜렁이포차,호프/통닭,20141112,영업/정상,,대전광역시 서구 도마동 123-1번지 1층,16.83
20,닥시쿄,호프/통닭,20140820,영업/정상,,대전광역시 서구 도마동 109-5번지 1층,17.8
21,행아웃,호프/통닭,20141013,영업/정상,,대전광역시 서구 도마동 25-4번지 지하1층,50.28
22,카스광장,호프/통닭,20051129,영업/정상,,대전광역시 서구 변동 7-17번지 2층,42.63
23,신불닭,호프/통닭,20040914,영업/정상,,대전광역시 서구 도마동 114-18번지 1층,59.5
24,종로맥가1,호프/통닭,20050610,영업/정상,,대전광역시 서구 도마동 40-5번지 1층,51.07
25,교원파닭,통닭(치킨),20111014,영업/정상,,대전광역시 서구 도마동 35-27번지 (1층),28.14
26,유디씨(UDC),호프/통닭,20060522,영업/정상,,대전광역시 서구 도마동 49-11번지,35.32
27,올드팝,호프/통닭,20141013,영업/정상,,대전광역시 서구 도마동 97-6번지 지하1층,143.04
28,라임호프,호프/통닭,20120607,영업/정상,,대전광역시 서구 도마동 24-6번지 2층,109.52
29,투다리미소점,호프/통닭,20040515,영업/정상,,대전광역시 서구 도마동 128-5번지 1층,37.71
30,뮤직뱅크,호프/통닭,20040531,영업/정상,,대전광역시 서구 변동 13-2번지,90.12
31,아이엠짜장,호프/통닭,20040625,영업/정상,,대전광역시 서구 도마동 565-50번지 1층,45.91
32,와와삼겹살,호프/통닭,20060914,영업/정상,,대전광역시 서구 도마동 176-24번지 1층,89.25
33,롱다리치킨,통닭(치킨),20060918,영업/정상,,대전광역시 서구 도마동 176-18번지 1층,43.88
34,호식이두마리치킨,통닭(치킨),20040816,영업/정상,,대전광역시 서구 변동 3-6번지 1층,20.63
35,들랑날랑,호프/통닭,20190308,영업/정상,,대전광역시 서구 도마동 101-29번지,22.18
36,촌댁맥주 배재대점,호프/통닭,20190201,영업/정상,,대전광역시 서구 도마동 29-32번지,221.76
37,토종순대족발,통닭(치킨),19960518,영업/정상,,대전광역시 서구 변동 12-42번지,47.36
38,이정표 식당,호프/통닭,19951010,영업/정상,,대전광역시 서구 도마동 86-101번지,26.01
39,먹태집,호프/통닭,20100914,영업/정상,,대전광역시 서구 도마동 40-11 (1층),41.95
40,다사랑,호프/통닭,19960910,영업/정상,,대전광역시 서구 도마동 50-12번지 2층,96.2
41,배재촌삼겹살,호프/통닭,20011116,영업/정상,,대전광역시 서구 도마동 120-12번지,62.12
42,술술포차,호프/통닭,20050808,영업/정상,,대전광역시 서구 변동 31-36번지 1층,35.43
43,난타,호프/통닭,20010627,영업/정상,,대전광역시 서구 변동 11-8번지,123.16
44,뉴쉐인,호프/통닭,20010724,영업/정상,,대전광역시 서구 변동 31-13번지,93.97
45,투다리(도마점),호프/통닭,19851104,영업/정상,,대전광역시 서구 도마동 174-1번지,21.46
46,쉐인,호프/통닭,19950222,영업/정상,,대전광역시 서구 변동 252-42번지,86.81
47,투다리변동제일점식당,호프/통닭,19940309,영업/정상,,대전광역시 서구 변동 21-4번지,28.93
48,화이트,호프/통닭,19930618,영업/정상,,대전광역시 서구 도마동 89-13번지 1층,26.4
49,놀이터,통닭(치킨),19940322,영업/정상,,대전광역시 서구 도마동 26-8번지,107.52
50,B.B.Q치킨,통닭(치킨),19940607,영업/정상,,대전광역시 서구 도마동 109-26번지,18.62
51,오아시스,호프/통닭,19890322,영업/정상,,대전광역시 서구 도마동 26-8번지,91.12
52,지코바치킨,통닭(치킨),19940721,영업/정상,,대전광역시 서구 도마동 157-1번지,36.97
53,총알돼지,호프/통닭,19900725,영업/정상,,대전광역시 서구 도마동 39-15번지,21.0
54,불꽃실내마차,호프/통닭,19900926,영업/정상,,대전광역시 서구 도마동 143-13번지,15.89
55,지코바치킨,통닭(치킨),20010509,영업/정상,,대전광역시 서구 변동 47-22번지,37.19
56,쏘맥퓨전호프,호프/통닭,19910121,영업/정상,,대전광역시 서구 도마동 119-2번지,24.88
57,목로주점,호프/통닭,19921013,영업/정상,,대전광역시 서구 도마동 90-37번지,30.6
58,이슈,호프/통닭,19961212,영업/정상,,대전광역시 서구 도마동 175-21번지 (2층),65.53
59,도마집,호프/통닭,20000407,영업/정상,,대전광역시 서구 도마동 172-14번지,35.31
60,목로식당,호프/통닭,19970404,영업/정상,,대전광역시 서구 도마동 24-7번지 1층,44.88
61,페리카나도마1점,호프/통닭,19970305,영업/정상,,대전광역시 서구 도마동 129-17번지,30.52
62,요크,호프/통닭,20010413,영업/정상,,대전광역시 서구 도마동 333-31번지,54.46
63,샘물호프,호프/통닭,20020608,영업/정상,,대전광역시 서구 도마동 128-36번지,19.77
64,영화호프,호프/통닭,20130110,영업/정상,,대전광역시 서구 도마동 64-28번지,30.79
65,투다리,호프/통닭,19991208,영업/정상,,대전광역시 서구 도마동 119-2번지 1층,37.4
66,까투리,호프/통닭,20011205,영업/정상,,대전광역시 서구 변동 50-12번지,31.6
67,뷰티호프,호프/통닭,20121025,영업/정상,,대전광역시 서구 도마동 89-25번지,25.32
68,호식이두마리치킨도마점,통닭(치킨),20130213,영업/정상,,대전광역시 서구 도마동 121-20번지 1층,26.88
69,충만치킨배재대점,호프/통닭,20020417,영업/정상,,대전광역시 서구 도마동 40-19번지 1층,95.69
70,동네푸드,호프/통닭,20190307,영업/정상,,대전광역시 서구 도마동 40-1번지,5.7
71,투존치킨,호프/통닭,20190423,영업/정상,,대전광역시 서구 도마동 18-25번지,40.4
72,고래포차,호프/통닭,20190412,영업/정상,,대전광역시 서구 도마동 328-25번지,71.29
73,옛날통닭,호프/통닭,20190411,영업/정상,,대전광역시 서구 도마동 120-1번지,26.24
74,후라이드참잘하는집,호프/통닭,20190619,영업/정상,,대전광역시 서구 도마동 34-5번지,30.3
75,스페이스도마,호프/통닭,20190621,영업/정상,,대전광역시 서구 도마동 174-1번지,197.28
76,교촌치킨 도마1호점,통닭(치킨),20021230,영업/정상,,대전광역시 서구 도마동 114-19번지 103호,46.76
77,장미맨숀,호프/통닭,20100823,영업/정상,,대전광역시 서구 도마동 30-18번지 1층,90.7
78,역전할머니맥주 배재대점,호프/통닭,20190822,영업/정상,,대전광역시 서구 도마동 26-29,83.51
79,립,호프/통닭,19920622,영업/정상,,대전광역시 서구 변동 49-14번지,33.44
80,꼬꾜,호프/통닭,20200302,영업/정상,,대전광역시 서구 도마동 328-4번지 럭키도마아파트,44.8
81,푸라닭 대전도마점,호프/통닭,20200511,영업/정상,,대전광역시 서구 도마동 114-4번지 1층,49.8
82,부어치킨,호프/통닭,20200601,영업/정상,,대전광역시 서구 도마동 40-14,27.88
83,안녕닭 배재대점,호프/통닭,20200728,영업/정상,,대전광역시 서구 도마동 50-28,36.11
84,맛그랑치킨,통닭(치킨),20110620,영업/정상,,대전광역시 서구 변동 58-4번지 (107호),65.1
85,채성숙의만인의포차,호프/통닭,20110621,영업/정상,,대전광역시 서구 도마동 47-28번지 1층,30.1
86,쿠담,호프/통닭,20070529,영업/정상,,"대전광역시 서구 도마동 50-8번지 (2,3층)",153.06
87,너와나,호프/통닭,20030602,영업/정상,,대전광역시 서구 도마동 181-23번지 지하1층,91.29
88,멕시칸치킨,통닭(치킨),20030604,영업/정상,,대전광역시 서구 도마동 15-1번지 도마스토아 119호,29.83
89,더 맛있는 커피,통닭(치킨),20071004,영업/정상,,대전광역시 서구 도마동 120-21번지 1층,48.84
90,마이산인삼순대,호프/통닭,20030625,영업/정상,,대전광역시 서구 도마동 109-27번지,122.2
91,비어캐슬,호프/통닭,20060825,영업/정상,,대전광역시 서구 변동 6-6번지 1층,36.54
92,하얀호프,호프/통닭,20160512,영업/정상,,대전광역시 서구 도마동 127-1번지,27.01
93,에꿍이치킨,호프/통닭,20070313,영업/정상,,대전광역시 서구 도마동 153-14번지 1층,31.92
94,네네치킨,통닭(치킨),20071016,영업/정상,,대전광역시 서구 도마동 101-22번지 (1층),50.5
95,골목대장,호프/통닭,20101129,영업/정상,,대전광역시 서구 도마동 39-4번지 (1층),31.24
96,스칼렛,호프/통닭,20120316,영업/정상,,대전광역시 서구 변동 30-17번지 1층,42.0
97,홀리데이,호프/통닭,20060405,영업/정상,,대전광역시 서구 변동 34-38번지 (지하1층),76.0
98,변동 롱다리치킨,통닭(치킨),20110328,영업/정상,,대전광역시 서구 변동 33-31번지 (1층),43.82
99,처갓집양념치킨 도마점,통닭(치킨),20110908,영업/정상,,대전광역시 서구 도마동 34-33번지 1층,31.22
100,포갬,호프/통닭,20061025,영업/정상,,대전광역시 서구 도마동 34-42번지 1층,53.28
101,파를품은닭 앤 홍대마약떡볶이,통닭(치킨),20120322,영업/정상,,대전광역시 서구 도마동 46-27번지 1층,20.29
102,4학년2반홍반장,호프/통닭,20111201,영업/정상,,대전광역시 서구 도마동 335-6번지 1층,21.39
103,만추,호프/통닭,20120417,영업/정상,,대전광역시 서구 도마동 126-6번지 1층,27.88
104,길모퉁이,호프/통닭,20180122,영업/정상,,대전광역시 서구 도마동 69-1번지,112.25
105,불로불로꼬치,호프/통닭,20070622,영업/정상,,대전광역시 서구 도마동 52-6번지 (1층),51.69
106,더블치킨,통닭(치킨),20070627,영업/정상,,대전광역시 서구 도마동 75-6번지 (1층),46.15
107,후덕하고싼집,호프/통닭,20030408,영업/정상,,대전광역시 서구 변동 31-36번지 지하1층,59.28
108,배재아지트,호프/통닭,20150817,영업/정상,,대전광역시 서구 도마동 49-7번지,62.39
109,뭔닭인지알지,호프/통닭,20151224,영업/정상,,대전광역시 서구 변동 253-64번지,18.1
110,미선이네맛집,호프/통닭,20180328,영업/정상,,대전광역시 서구 변동 47-25,44.39
111,새벽옛날통닭,호프/통닭,20160913,영업/정상,,대전광역시 서구 변동 31-57번지,31.63
112,좋은사람들,호프/통닭,20180524,영업/정상,,대전광역시 서구 도마동 127-16번지,20.54
113,한판삼겹살(도마점),호프/통닭,20180403,영업/정상,,대전광역시 서구 도마동 46-5번지,32.2
114,신통치킨,호프/통닭,20160414,영업/정상,,대전광역시 서구 변동 47-1번지,47.5
115,에스바(S-Bar),호프/통닭,20180608,영업/정상,,대전광역시 서구 도마동 108-12번지,22.08
116,정류장호프,호프/통닭,20170615,폐업,20180228,대전광역시 서구 변동 7-39번지,36.9
117,춤추는두마리치킨,통닭(치킨),20090316,폐업,20101101,대전광역시 서구 도마동 119-8번지 (101호),25.34
118,델리호프식당,호프/통닭,20091022,폐업,20190318,대전광역시 서구 도마동 74-9번지 1층,27.89
119,콜라생맥주전문점,호프/통닭,19961023,폐업,20080721,대전광역시 서구 도마동 358-1번지,100.3
120,아우디,호프/통닭,19961023,폐업,20170328,대전광역시 서구 도마동 129-33번지,161.72
121,주왕산얼음골막걸리,호프/통닭,19961101,폐업,20101223,대전광역시 서구 도마동 109-15번지,164.92
122,엘에이,호프/통닭,20001128,폐업,20120309,대전광역시 서구 변동 61-7번지,49.99
123,행운꼬치방,호프/통닭,19961108,폐업,20021101,대전광역시 서구 도마동 137-10번지,21.2
124,예스타임식당,호프/통닭,20000825,폐업,20011015,대전광역시 서구 도마동 157-19번지,30.56
125,맥주창고술통,호프/통닭,20001201,폐업,20190730,대전광역시 서구 도마동 110-12번지,109.36
126,로데오호프식당,호프/통닭,20000828,폐업,20020116,대전광역시 서구 도마동 120-6번지,325.29
127,강정이기가막혀 도마변동점,통닭(치킨),20100419,폐업,20170328,대전광역시 서구 도마동 17-38번지 (1층),33.15
128,자유공간식당,호프/통닭,19961126,폐업,20170515,대전광역시 서구 변동 16-1번지,16.12
129,해남본가할매순대국,호프/통닭,20001010,폐업,20180516,대전광역시 서구 도마동 174-1번지 1층,38.23
130,브라보팡팡치킨,통닭(치킨),20080716,폐업,20100122,대전광역시 서구 도마동 328-26번지 (1층),55.22
131,웰빙보리밥,통닭(치킨),20001213,폐업,20130318,대전광역시 서구 도마동 86-101번지,33.41
132,만남의광장,호프/통닭,20100528,폐업,20120203,대전광역시 서구 변동 253-29번지 (1층),28.98
133,노블레스,호프/통닭,20100601,폐업,20130610,대전광역시 서구 도마동 209-5번지 (1층),100.98
134,오비라운지,호프/통닭,20001027,폐업,20141209,대전광역시 서구 변동 3-13번지 2층,24.65
135,비어메이르,호프/통닭,20001031,폐업,20091104,대전광역시 서구 도마동 146-43번지,31.37
136,수라수라,호프/통닭,20080805,폐업,20150924,대전광역시 서구 도마동 29-33번지 (1층),23.73
137,오비호프타운,호프/통닭,20001221,폐업,20170901,대전광역시 서구 도마동 120-6번지 (3층),267.95
138,깻잎두마리치킨,호프/통닭,20170404,폐업,20191227,대전광역시 서구 도마동 335-36번지,27.66
139,친구처럼,호프/통닭,20100511,폐업,20160325,대전광역시 서구 도마동 25-2번지 지하1층,100.19
140,연탄집,호프/통닭,20100512,폐업,20190404,대전광역시 서구 변동 21-27번지 1층,46.71
141,설레임,호프/통닭,20010115,폐업,20110504,대전광역시 서구 변동 27-7번지 (1층),25.66
142,맥주창고,호프/통닭,20010117,폐업,20170321,대전광역시 서구 도마동 47-6번지,62.46
143,타임식당,호프/통닭,20001109,폐업,20170328,대전광역시 서구 도마동 144-11번지 (2층),91.14
144,창식이돈까스치킨,호프/통닭,20080826,폐업,20181022,대전광역시 서구 변동 30-14번지 (1층),54.6
145,파닭에파무쳐,호프/통닭,20090105,폐업,20120919,대전광역시 서구 도마동 46-5번지 (1층),25.56
146,조은친구들,호프/통닭,20010207,폐업,20200831,대전광역시 서구 도마동 128-89 2층,93.26
147,말뚝박기,호프/통닭,20001118,폐업,20090212,대전광역시 서구 도마동 50-15번지,177.0
148,바삭치킨,통닭(치킨),20090810,폐업,20101015,대전광역시 서구 도마동 37-18번지 (1층),16.77
149,진바우쎄븐1호점,호프/통닭,20090427,폐업,20101109,대전광역시 서구 도마동 174-1번지 지하1층,56.08
150,멕시칸치킨내동점,통닭(치킨),20090112,폐업,20090304,대전광역시 서구 변동 16-1번지 (1층),30.0
151,적자인생,호프/통닭,20010221,폐업,20170330,대전광역시 서구 도마동 60-14번지 1층,137.93
152,안주나라,호프/통닭,19961014,폐업,20061020,대전광역시 서구 도마동 23-33번지,92.99
153,맘스터치치킨,통닭(치킨),20090812,폐업,20101025,대전광역시 서구 도마동 110-12번지 (1층),27.95
154,미니바,호프/통닭,20080610,폐업,20170927,대전광역시 서구 도마동 109-6번지,41.4
155,을파소,호프/통닭,20091211,폐업,20101216,대전광역시 서구 도마동 209-4번지,105.63
156,한뚝배기,호프/통닭,20080924,폐업,20151204,대전광역시 서구 도마동 84-1번지 (1층),28.05
157,지지미,호프/통닭,20080929,폐업,20120608,대전광역시 서구 도마동 109-6번지 1층,41.4
158,보스카스라운지,호프/통닭,20080530,폐업,20100317,대전광역시 서구 도마동 106-23번지 4층,180.77
159,배재주박사,호프/통닭,20080305,폐업,20151020,대전광역시 서구 도마동 49-11번지 (2층),108.25
160,팜파라스치킨,통닭(치킨),20080307,폐업,20080818,대전광역시 서구 변동 57-3번지 (1층),36.0
161,야화,호프/통닭,20080307,폐업,20131031,대전광역시 서구 변동 49-10번지 (1층),49.38
162,믹스(1),호프/통닭,20091127,폐업,20111010,대전광역시 서구 도마동 328-25번지 (지하1층),115.49
163,따다,호프/통닭,20090227,폐업,20170330,대전광역시 서구 도마동 29-32번지,41.92
164,복희네실내마차,호프/통닭,20081007,폐업,20181228,대전광역시 서구 도마동 127-36번지 (1층),29.04
165,하얼빈 수제 물만두,호프/통닭,20141231,폐업,20170818,대전광역시 서구 도마동 110-12번지 1층,39.12
166,신통치킨 (도마점),통닭(치킨),20150407,폐업,20180410,대전광역시 서구 도마동 50-15번지,30.6
167,투앤원치킨,통닭(치킨),20100114,폐업,20141020,대전광역시 서구 도마동 114-10번지 1층,34.67
168,느낌,호프/통닭,20090311,폐업,20151215,대전광역시 서구 도마동 127-1번지 (1층),27.01
169,탄산보리찻집,호프/통닭,20130402,폐업,20190711,대전광역시 서구 도마동 49-13번지 1층,19.31
170,거농치킨,통닭(치킨),20090717,폐업,20100312,대전광역시 서구 도마동 14-4번지 (1층),16.59
171,아씨호프,호프/통닭,20130624,폐업,20170809,대전광역시 서구 도마동 74-7번지 1층,33.86
172,24대포,호프/통닭,20130418,폐업,20130708,대전광역시 서구 도마동 66-35번지 1층,24.89
173,목화,호프/통닭,20130805,폐업,20140226,대전광역시 서구 도마동 121-20번지 1층,26.49
174,봉구비어배재대점,호프/통닭,20131216,폐업,20191008,대전광역시 서구 도마동 50-28번지 1층,33.15
175,페리카나,통닭(치킨),20140526,폐업,20160714,대전광역시 서구 도마동 109-13번지,34.12
176,치킨대통령,호프/통닭,20131212,폐업,20180628,대전광역시 서구 변동 34-19번지 1층,43.45
177,강호동치킨678,통닭(치킨),20131017,폐업,20191220,대전광역시 서구 변동 22-34번지,33.29
178,79치킨,통닭(치킨),20140128,폐업,20160115,대전광역시 서구 도마동 120-20번지 1층 1호,22.45
179,두배로치킨2호점,통닭(치킨),20140226,폐업,20160802,대전광역시 서구 도마동 132-16번지 1층,0.0
180,티바두마리치킨,통닭(치킨),20130911,폐업,20170816,대전광역시 서구 변동 3-1번지 1층,28.76
181,새벽옛날통닭,호프/통닭,20130912,폐업,20190711,대전광역시 서구 도마동 35-7번지,26.45
182,황금조각치킨,호프/통닭,20140228,폐업,20180814,대전광역시 서구 도마동 34-26번지 1층,19.2
183,오나,호프/통닭,20150203,폐업,20190529,대전광역시 서구 변동 33-40번지,14.9
184,국시전포차,호프/통닭,20140620,폐업,20170814,대전광역시 서구 변동 56-6번지 1층,19.47
185,시민버거,통닭(치킨),20140805,폐업,20200214,대전광역시 서구 도마동 328-4번지 1층,44.8
186,라면국물편의점포차,호프/통닭,20130903,폐업,20190117,대전광역시 서구 도마동 40-11번지 2층,70.49
187,맛주리포차,호프/통닭,20140304,폐업,20160310,대전광역시 서구 도마동 171-1번지 1층,25.62
188,레몬피자치킨,통닭(치킨),20140305,폐업,20170901,대전광역시 서구 도마동 38번지 103호,35.23
189,빡빡치킨,통닭(치킨),20140314,폐업,20170328,대전광역시 서구 도마동 120-7번지 1층,29.6
190,스미스비어 배재점,호프/통닭,20131024,폐업,20190801,대전광역시 서구 도마동 29-22번지,28.89
191,가보자,호프/통닭,20140408,폐업,20180508,대전광역시 서구 도마동 121-20번지 1층,26.47
192,인성코리나 직영점,호프/통닭,20140917,폐업,20170718,대전광역시 서구 도마동 90-42번지,29.28
193,청정한라족발,호프/통닭,20140407,폐업,20160324,대전광역시 서구 도마동 17-38번지 1층,20.2
194,꼬꼬와꽥꽥이,호프/통닭,20040709,폐업,20061113,대전광역시 서구 도마동 164-19번지 1층,42.06
195,꼬치은행,호프/통닭,20041129,폐업,20060905,대전광역시 서구 도마동 100-1번지 1층,25.74
196,꼬꼬와소세지,호프/통닭,20050127,폐업,20080121,대전광역시 서구 도마동 138-1번지 1층,23.83
197,넘버텐,호프/통닭,20050401,폐업,20060906,대전광역시 서구 도마동 113-14번지 1층,54.69
198,웰믹스치킨,통닭(치킨),20060210,폐업,20061024,대전광역시 서구 도마동 142-40번지,10.57
199,아랑,호프/통닭,20041118,폐업,20060303,대전광역시 서구 도마동 142-6번지 1층,34.12
200,유턴비어,호프/통닭,20040715,폐업,20180417,대전광역시 서구 도마동 174-9번지 1층,73.93
201,엔,호프/통닭,20050430,폐업,20090521,대전광역시 서구 도마동 175-23번지 2층,49.3
202,토스트굽는사람들,통닭(치킨),20041124,폐업,20081024,대전광역시 서구 도마동 25-3번지,35.1
203,프랜드,호프/통닭,20050121,폐업,20150402,대전광역시 서구 도마동 67-15번지 1층,25.27
204,칸스치킨,통닭(치킨),20050214,폐업,20060501,대전광역시 서구 도마동 69-6번지 1층,31.9
205,술이좋은곳,호프/통닭,20060223,폐업,20170227,대전광역시 서구 변동 47-22번지 1층,28.25
206,매일도시락,통닭(치킨),20041124,폐업,20170330,대전광역시 서구 도마동 50-15번지 1층,26.88
207,오마이치킨,통닭(치킨),20041125,폐업,20071105,대전광역시 서구 변동 31-57번지 1층,30.93
208,평양통닭불닭,통닭(치킨),20041209,폐업,20051110,대전광역시 서구 변동 31-14번지 1층,44.55
209,아지트,호프/통닭,20041209,폐업,20070518,대전광역시 서구 변동 79-23번지 1층,31.64
210,신라왕족발보쌈,통닭(치킨),20040731,폐업,20060920,대전광역시 서구 도마동 101-22번지 1층,46.6
211,하니치킨,통닭(치킨),20050421,폐업,20060922,대전광역시 서구 도마동 134-4번지 1층,15.97
212,또래오래도마변동점,통닭(치킨),20041213,폐업,20100802,대전광역시 서구 도마동 15`-1번지 도마스토아 201호,34.91
213,환희실내마차,호프/통닭,20050520,폐업,20070529,대전광역시 서구 도마동 95-10번지 1층,15.43
214,맛그랑,통닭(치킨),20060713,폐업,20150506,대전광역시 서구 도마동 74-7번지 1층,71.61
215,카우보이,호프/통닭,20051230,폐업,20170328,대전광역시 서구 도마동 188-7번지 지하,87.36
216,친구야놀자,호프/통닭,20050531,폐업,20071001,대전광역시 서구 변동 7-8번지 1층,49.43
217,대명치킨,통닭(치킨),20050627,폐업,20060519,대전광역시 서구 도마동 134-6번지 1층,5.74
218,아리,호프/통닭,20111019,폐업,20190322,대전광역시 서구 변동 74-16번지 (1층),15.5
219,불타는닭발이와 수구리,호프/통닭,20050618,폐업,20060608,대전광역시 서구 도마동 125-2번지 (1층),26.37
220,시장통닭,통닭(치킨),20050705,폐업,20060601,대전광역시 서구 도마동 135-21번지 1층,14.28
221,옛날산골통닭,통닭(치킨),20141013,폐업,20200717,대전광역시 서구 도마동 133-19 1층,12.5
222,비케이,호프/통닭,20040521,폐업,20060406,대전광역시 서구 도마동 330-30번지 지하,30.63
223,원앤비어,호프/통닭,20120608,폐업,20191122,대전광역시 서구 변동 21-27번지 1층,82.68
224,오케이퓨전,호프/통닭,20050318,폐업,20111130,대전광역시 서구 변동 30-17번지 1층,42.59
225,코코빌치킨,통닭(치킨),20070330,폐업,20090928,대전광역시 서구 변동 252-1번지 1층,28.6
226,수정,호프/통닭,19990414,폐업,20090804,대전광역시 서구 도마동 142-44번지,53.32
227,가빈식당,호프/통닭,19981210,폐업,20100122,대전광역시 서구 도마동 126-4번지,87.23
228,더조은치킨,통닭(치킨),20120713,폐업,20140804,대전광역시 서구 도마동 328-4번지 1층 3호,44.8
229,벌떼2식당,호프/통닭,20050319,폐업,20170328,대전광역시 서구 도마동 110-13번지 (1층),26.56
230,우리들의청춘시대,호프/통닭,20040525,폐업,20081128,대전광역시 서구 도마동 120-6번지 제101호,90.15
231,성공시대,호프/통닭,20040525,폐업,20170328,대전광역시 서구 도마동 126-5번지 1층,12.74
232,쉐인,호프/통닭,20040615,폐업,20060707,대전광역시 서구 도마동 61-9번지 1층,69.77
233,순살파닭,통닭(치킨),20111230,폐업,20161229,대전광역시 서구 도마동 70-34번지 1층,49.25
234,치킨프린스 1호점,통닭(치킨),20111230,폐업,20170816,대전광역시 서구 도마동 147-50번지 2층,29.24
235,맥주창고비원,호프/통닭,20120118,폐업,20140923,대전광역시 서구 도마동 25-4번지 지하1,49.65
236,간빠이,호프/통닭,20040618,폐업,20080130,대전광역시 서구 도마동 113-1번지,77.11
237,해와달,호프/통닭,20040819,폐업,20170328,대전광역시 서구 도마동 135-22번지 지하1층,32.85
238,러셀피자치킨,통닭(치킨),20060919,폐업,20120319,대전광역시 서구 도마동 46-27번지 1층,20.53
239,친구친구,호프/통닭,20040610,폐업,20190507,대전광역시 서구 도마동 34-5번지 1층,30.38
240,대광식당,호프/통닭,20040611,폐업,20101119,대전광역시 서구 변동 33-29번지 1층,46.62
241,뭉치,호프/통닭,20040809,폐업,20060712,대전광역시 서구 도마동 90-42번지 1층,22.7
242,맥스윈치킨피자,통닭(치킨),20050110,폐업,20120309,대전광역시 서구 변동 15-5번지 1층,111.87
243,대광,호프/통닭,20060920,폐업,20090311,대전광역시 서구 도마동 127-1번지 1층,27.01
244,째즈식당,호프/통닭,19951228,폐업,20061020,대전광역시 서구 도마동 128-95번지,37.92
245,투존치킨 도마점,호프/통닭,20100830,폐업,20190423,대전광역시 서구 도마동 18-25번지 1층,40.4
246,티지식당,호프/통닭,20011110,폐업,20170320,대전광역시 서구 도마동 120-23번지,151.09
247,아우토반,호프/통닭,20010928,폐업,20050913,대전광역시 서구 변동 12-43번지,34.84
248,대포항실내마차,호프/통닭,20010929,폐업,20030107,대전광역시 서구 도마동 69-4번지,20.96
249,고기나라,호프/통닭,20050927,폐업,20151029,대전광역시 서구 도마동 122-33번지 1층,61.57
250,토크쇼식당,호프/통닭,19951013,폐업,20021210,대전광역시 서구 도마동 86-101번지,31.53
251,옛이야기주점,호프/통닭,19951017,폐업,20140415,대전광역시 서구 변동 49-14번지,41.72
252,배재골생막걸리,호프/통닭,20010612,폐업,20100827,대전광역시 서구 도마동 50-15번지,54.5
253,친구,호프/통닭,20000705,폐업,20050802,대전광역시 서구 도마동 124-5번지,33.91
254,힘내라동태찌개,호프/통닭,20011009,폐업,20080930,대전광역시 서구 변동 29-3번지,49.1
255,너랑나랑,호프/통닭,19960514,폐업,20060110,대전광역시 서구 변동 47-22번지,26.67
256,민속마을식당,호프/통닭,19960520,폐업,20101209,대전광역시 서구 도마동 153-11번지 1층,19.65
257,실비집,호프/통닭,19760722,폐업,20120406,대전광역시 서구 도마동 143-6번지,10.0
258,연인식당,호프/통닭,19770211,폐업,20051014,대전광역시 서구 도마동 143-8번지,29.89
259,연인들식당,호프/통닭,19911002,폐업,20011221,대전광역시 서구 도마동 101-28번지,22.2
260,세대공감올드앤뉴,호프/통닭,19960912,폐업,20080624,대전광역시 서구 도마동 114-10번지 1층,18.56
261,전봇대,호프/통닭,20011121,폐업,20170728,대전광역시 서구 도마동 29-21번지 1층,80.58
262,주막,호프/통닭,19981112,폐업,20081027,대전광역시 서구 변동 61-1번지,40.72
263,와요와요,호프/통닭,19950817,폐업,20161117,대전광역시 서구 도마동 174-1번지,17.7
264,보스비어,호프/통닭,20050727,폐업,20170907,대전광역시 서구 도마동 174-7번지 1층,68.52
265,치킨과탕수육,통닭(치킨),20010628,폐업,20170330,대전광역시 서구 도마동 333-28번지,17.15
266,소나무호프,호프/통닭,20010630,폐업,20070312,대전광역시 서구 도마동 182-39번지,22.88
267,벤치,호프/통닭,19950830,폐업,20180315,대전광역시 서구 변동 47-25번지 1층,42.64
268,섬,호프/통닭,20010831,폐업,20170330,대전광역시 서구 도마동 99-1번지,130.15
269,사랑의밀물,호프/통닭,19930819,폐업,20160203,대전광역시 서구 도마동 35-12번지,29.69
270,아씨식당,호프/통닭,19960308,폐업,20130312,대전광역시 서구 도마동 74-7번지,19.38
271,마니또,통닭(치킨),20051021,폐업,20100115,대전광역시 서구 도마동 15-2번지 도마스토아 124호,34.4
272,케스케이드,호프/통닭,20010530,폐업,20080121,대전광역시 서구 도마동 328-21번지,45.43
273,이슬식당,호프/통닭,20010530,폐업,20080104,대전광역시 서구 도마동 60-11번지,31.6
274,온리비어,호프/통닭,20000509,폐업,20160801,대전광역시 서구 도마동 120-6번지 2층,223.53
275,허수아비,호프/통닭,19930210,폐업,20110920,대전광역시 서구 도마동 50-12번지,52.99
276,고향치킨식당,통닭(치킨),19930220,폐업,20040107,대전광역시 서구 변동 21-27번지,25.96
277,물보라,호프/통닭,19910823,폐업,20110707,대전광역시 서구 도마동 121-19번지,18.86
278,멕시칸치킨변동체인점,통닭(치킨),19890724,폐업,20180907,대전광역시 서구 변동 50-9번지,0.0
279,페리카나식당,통닭(치킨),19840719,폐업,20140523,대전광역시 서구 도마동 109-13번지,21.66
280,신세대소주타운,호프/통닭,19860808,폐업,20040204,대전광역시 서구 도마동 175-1번지,0.0
281,여긴뭐야,호프/통닭,19941226,폐업,20110905,대전광역시 서구 도마동 25-4번지,43.61
282,디즈니호프식당,호프/통닭,19940118,폐업,20040105,대전광역시 서구 도마동 121-20번지,27.06
283,실비집식당,호프/통닭,19930609,폐업,20120507,대전광역시 서구 도마동 141-3번지,32.54
284,한가득,호프/통닭,19911128,폐업,20170330,대전광역시 서구 도마동 50-15번지,128.11
285,희망식당,호프/통닭,19841108,폐업,20160224,대전광역시 서구 변동 49-11번지,57.36
286,장충동왕족발식당,통닭(치킨),19911210,폐업,20151217,대전광역시 서구 변동 1-21번지 2층,95.4
287,솔밭호프,호프/통닭,19850625,폐업,20170328,대전광역시 서구 도마동 143-8번지,12.92
288,대북경,호프/통닭,19940311,폐업,20141208,대전광역시 서구 도마동 330-18번지,94.91
289,안개,호프/통닭,19940430,폐업,20160609,대전광역시 서구 도마동 99-9번지,14.53
290,프리존,호프/통닭,19940504,폐업,20080626,대전광역시 서구 도마동 69-6번지 2층,76.68
291,피닉스양념통닭식당,통닭(치킨),19940601,폐업,20060102,대전광역시 서구 변동 253-41번지,19.15
292,핑크,호프/통닭,19930706,폐업,20110802,대전광역시 서구 변동 19-20번지 1층,23.44
293,비어팝,호프/통닭,19940316,폐업,20110817,대전광역시 서구 도마동 113-20번지,198.3
294,술이술이스타우트,호프/통닭,19950318,폐업,20170328,대전광역시 서구 도마동 188-13번지,104.55
295,새천년호프식당,호프/통닭,20000201,폐업,20090828,대전광역시 서구 변동 8-9번지,18.01
296,약속식당,호프/통닭,19891226,폐업,20150205,대전광역시 서구 변동 71-15번지,41.65
297,맥주촌,호프/통닭,19881219,폐업,20191007,대전광역시 서구 도마동 129-33번지,99.0
298,하늘보기,호프/통닭,19950529,폐업,20050415,대전광역시 서구 도마동 24-1번지,149.9
299,아나로그식당,호프/통닭,19891004,폐업,20080226,대전광역시 서구 도마동 120-23번지,130.63
300,하얀밤,호프/통닭,19891023,폐업,20080116,대전광역시 서구 도마동 172-14번지,56.79
301,카스광장,호프/통닭,19940617,폐업,20170328,대전광역시 서구 도마동 157-1번지,84.8
302,신나고야,호프/통닭,19940628,폐업,20080102,대전광역시 서구 도마동 330-18번지,18.48
303,썬,호프/통닭,19880531,폐업,20070130,대전광역시 서구 변동 31-6번지,32.3
304,페리카나치킨변동점,통닭(치킨),19900131,폐업,20170515,대전광역시 서구 변동 71-11번지,25.12
305,코지라이브광장,호프/통닭,19900402,폐업,20030130,대전광역시 서구 도마동 120-1번지,71.36
306,배재학당민속주점,호프/통닭,19900512,폐업,20040712,대전광역시 서구 도마동 121-7번지,129.64
307,청춘포차,호프/통닭,19900514,폐업,20200106,대전광역시 서구 도마동 121-20번지,26.47
308,향기,호프/통닭,19901102,폐업,20120309,대전광역시 서구 변동 7-27번지,0.0
309,자유공간식당,호프/통닭,19940705,폐업,20170515,대전광역시 서구 변동 46-17번지,15.56
310,뉴스호프소주방식당,호프/통닭,19940713,폐업,20050124,대전광역시 서구 도마동 143-15번지,298.75
311,너와나,호프/통닭,19920108,폐업,20140923,대전광역시 서구 도마동 123-1번지,16.83
312,그리메식당,호프/통닭,19900618,폐업,20070125,대전광역시 서구 변동 31-44번지,132.67
313,통키통키,통닭(치킨),19900706,폐업,20170626,대전광역시 서구 변동 41-23번지,19.14
314,힐튼,호프/통닭,19900821,폐업,20170328,대전광역시 서구 도마동 109-27번지 (2층),0.0
315,둥지식당,호프/통닭,19900918,폐업,20060213,대전광역시 서구 도마동 175-17번지,0.0
316,모두랑식당,호프/통닭,19940916,폐업,20080813,대전광역시 서구 변동 71-52번지,17.22
317,투다리,호프/통닭,19920312,폐업,20180131,대전광역시 서구 도마동 110-12번지 1층,22.05
318,멕시카나 양념통닭,통닭(치킨),19920601,폐업,20120703,대전광역시 서구 변동 29-9번지,22.68
319,릴렉스식당,호프/통닭,19920328,폐업,20040603,대전광역시 서구 도마동 109-13번지,149.1
320,마이호프,호프/통닭,19901025,폐업,20021018,대전광역시 서구 도마동 47-28번지,0.0
321,통통치킨식당,통닭(치킨),19901116,폐업,20020531,대전광역시 서구 도마동 180-17번지,0.0
322,쏘렌토,호프/통닭,19901123,폐업,20070417,대전광역시 서구 도마동 328-25번지,86.56
323,비어캐슬,호프/통닭,19910325,폐업,20060522,대전광역시 서구 도마동 103-4번지,19.61
324,미쳐버린파닭,통닭(치킨),19901205,폐업,20110621,대전광역시 서구 도마동 330-22번지 (1층),42.05
325,카니발,호프/통닭,19920502,폐업,20190212,대전광역시 서구 도마동 101-29번지 1층,23.18
326,배재칼국수,호프/통닭,19920506,폐업,20200806,대전광역시 서구 도마동 120-2,61.04
327,그날호프,호프/통닭,19931027,폐업,20061020,대전광역시 서구 도마동 127-12번지,21.21
328,다시찾는식당,통닭(치킨),19920624,폐업,20090930,대전광역시 서구 변동 12-42번지,21.7
329,랜드치킨,통닭(치킨),19910309,폐업,20180629,대전광역시 서구 도마동 168-35번지,28.86
330,멕시카나식당,통닭(치킨),19910416,폐업,20110426,대전광역시 서구 도마동 330번지,12.6
331,수채화식당,호프/통닭,19910416,폐업,20080215,대전광역시 서구 도마동 88-8번지,100.55
332,못잊어 식당,호프/통닭,19950722,폐업,20200625,대전광역시 서구 변동 31-6,19.8
333,시우,호프/통닭,19950726,폐업,20180404,대전광역시 서구 변동 27-41번지,20.06
334,비트식당,호프/통닭,19921103,폐업,20040107,대전광역시 서구 도마동 61-35번지,0.0
335,화조식당,호프/통닭,19920903,폐업,20180830,대전광역시 서구 변동 71-26번지,61.45
336,흥부네꼬치식당,호프/통닭,19910513,폐업,20050418,대전광역시 서구 도마동 190-34번지,0.0
337,키스호프식당,호프/통닭,19910619,폐업,20061020,대전광역시 서구 도마동 129-9번지,52.94
338,두리하나도마점,호프/통닭,19910731,폐업,20041210,대전광역시 서구 도마동 64-29번지,0.0
339,오오뎅뎅,호프/통닭,20020814,폐업,20101216,대전광역시 서구 도마동 50-8번지,84.3
340,쿨세계맥주,호프/통닭,20130305,폐업,20170328,대전광역시 서구 도마동 120-1번지 2층,76.77
341,흐르는강물처럼,호프/통닭,20020820,폐업,20070917,대전광역시 서구 도마동 185-1번지,113.95
342,세븐나잇,호프/통닭,19870905,폐업,20110613,대전광역시 서구 변동 33-26번지,38.45
343,아이앤지,호프/통닭,20020726,폐업,20040318,대전광역시 서구 도마동 123-9번지,67.56
344,사랑방꼬치식당,호프/통닭,19940107,폐업,20040107,대전광역시 서구 변동 6-6번지,29.23
345,구석기숯불바베큐치킨,통닭(치킨),20031218,폐업,20050218,대전광역시 서구 도마동 359-10번지 복음로얄상가 1층 103호,27.77
346,로데오,호프/통닭,20020808,폐업,20170809,대전광역시 서구 도마동 120-6번지,271.44
347,투다리식당,호프/통닭,19970310,폐업,20020409,대전광역시 서구 도마동 25번지,0.0
348,토크쇼,호프/통닭,20020723,폐업,20140731,대전광역시 서구 도마동 180-17번지 1층,35.06
349,소풍,호프/통닭,20020620,폐업,20170328,대전광역시 서구 도마동 110-13번지,23.85
350,도화식당,호프/통닭,20020709,폐업,20091124,대전광역시 서구 도마동 143-8번지,28.24
351,예비역,호프/통닭,20011127,폐업,20090630,대전광역시 서구 도마동 120-7번지,26.4
352,소풍,호프/통닭,20040128,폐업,20060719,대전광역시 서구 도마동 134-105번지,29.42
353,금방와,호프/통닭,19931004,폐업,20130821,대전광역시 서구 도마동 83-2번지,30.52
354,힘내라 동태찌개,호프/통닭,19991220,폐업,20020927,대전광역시 서구 도마동 121-4번지,46.18
355,술애바퀴,호프/통닭,20010317,폐업,20130813,대전광역시 서구 도마동 49-12번지 1층,99.36
356,비비큐도마점,통닭(치킨),20031121,폐업,20070330,대전광역시 서구 변동 62-7번지 (1층),25.62
357,계발새발,통닭(치킨),20010517,폐업,20170119,대전광역시 서구 도마동 93-8번지,26.4
358,꿀삐닭강정,통닭(치킨),20121107,폐업,20150421,대전광역시 서구 도마동 130-5번지,19.8
359,티니,호프/통닭,20020829,폐업,20150827,대전광역시 서구 도마동 165-7번지,55.8
360,옛고을할매왕족발,통닭(치킨),20011201,폐업,20070419,대전광역시 서구 변동 34-9번지,18.9
361,일미식당,호프/통닭,20011214,폐업,20060915,대전광역시 서구 도마동 142-6번지,27.42
362,반갑다친구야,호프/통닭,20020522,폐업,20081201,대전광역시 서구 도마동 100-16번지,85.73
363,카페노리터배재대점,호프/통닭,20130225,폐업,20191219,대전광역시 서구 도마동 50-29번지 2층,82.46
364,길모퉁이,호프/통닭,20130228,폐업,20171113,대전광역시 서구 도마동 69-1번지 2층,112.25
365,만원의행복에막걸리,호프/통닭,20020401,폐업,20080807,대전광역시 서구 변동 50-12번지,60.42
366,맥주파티,호프/통닭,20020401,폐업,20170515,대전광역시 서구 변동 65-63번지,28.8
367,들랑식당,호프/통닭,20020326,폐업,20061206,대전광역시 서구 도마동 144-11번지 1층,48.79
368,술도깨비,호프/통닭,20020409,폐업,20170328,대전광역시 서구 도마동 100-19번지,95.06
369,북경바베큐,통닭(치킨),20020424,폐업,20060925,대전광역시 서구 도마동 132-20번지,4.71
370,꼬꾸마시,호프/통닭,20020427,폐업,20070125,대전광역시 서구 도마동 26-29번지,72.63
371,블랙호프,호프/통닭,20020119,폐업,20080922,대전광역시 서구 변동 30-7번지,112.8
372,길모퉁이식당,호프/통닭,20020216,폐업,20030214,대전광역시 서구 도마동 359-10번지,27.45
373,마이웨이,호프/통닭,20020304,폐업,20170330,대전광역시 서구 도마동 349-8번지 지하1층,56.37
374,이자카야,호프/통닭,20020308,폐업,20170330,대전광역시 서구 도마동 50-15번지,59.0
375,해와달,호프/통닭,19990622,폐업,20020527,대전광역시 서구 도마동 135-22번지,0.0
376,좋은사람,호프/통닭,19970814,폐업,20120523,대전광역시 서구 도마동 24-6번지 (2층),126.1
377,다인식당,호프/통닭,19970731,폐업,20060925,대전광역시 서구 도마동 131-33번지,17.68
378,비올라,호프/통닭,20020925,폐업,20030421,대전광역시 서구 도마동 106-23번지,69.25
379,에스에스,호프/통닭,20020917,폐업,20090511,대전광역시 서구 도마동 69-1번지 2층,76.08
380,미쓰리,호프/통닭,19971216,폐업,20180703,대전광역시 서구 도마동 25-3번지 지하1층,26.1
381,맥주파티식당,호프/통닭,19990728,폐업,20011231,대전광역시 서구 변동 65-63번지,0.0
382,대파도,호프/통닭,20021010,폐업,20050621,대전광역시 서구 도마동 110-9번지 (1층),68.96
383,천석돌솥밥,호프/통닭,19990821,폐업,20181022,대전광역시 서구 변동 4-36번지,31.3
384,닉스녹스,호프/통닭,20021211,폐업,20170328,대전광역시 서구 도마동 110-11번지,69.11
385,칸스치킨,통닭(치킨),20021217,폐업,20050218,대전광역시 서구 변동 47-3번지,26.1
386,실내포장마차소주방,호프/통닭,20021029,폐업,20030116,대전광역시 서구 도마동 185-16번지,16.94
387,족발맨식당,통닭(치킨),19980403,폐업,20060925,대전광역시 서구 도마동 17-44번지 (1층),21.85
388,희태호프,호프/통닭,20021120,폐업,20060424,대전광역시 서구 도마동 47-28번지,19.19
389,신철판닭똥집,호프/통닭,19980715,폐업,20170328,대전광역시 서구 도마동 108-18번지,47.58
390,나드리식당,호프/통닭,19980410,폐업,20090203,대전광역시 서구 도마동 142-54번지,82.89
391,오아시스,호프/통닭,20021118,폐업,20170328,대전광역시 서구 도마동 17-37번지,16.43
392,와꾸나,호프/통닭,20021126,폐업,20090410,대전광역시 서구 도마동 25-2번지,100.19
393,에이치,호프/통닭,20021230,폐업,20170328,대전광역시 서구 도마동 109-13번지 2층,71.61
394,부마,호프/통닭,19970710,폐업,20180703,대전광역시 서구 도마동 175-17번지 2층,56.6
395,날아라영계치킨,호프/통닭,19990602,폐업,20070718,대전광역시 서구 도마동 53-34번지,15.2
396,루비,호프/통닭,20030124,폐업,20060925,대전광역시 서구 도마동 88-19번지,15.78
397,보스카스라운지,호프/통닭,20021029,폐업,20080423,대전광역시 서구 도마동 106-23번지,160.43
398,갱스터식당,호프/통닭,19971121,폐업,20170328,대전광역시 서구 도마동 120-6번지,133.02
399,그림두장,호프/통닭,20021029,폐업,20100507,대전광역시 서구 도마동 209-5번지,100.98
400,투다리(배재대점),호프/통닭,19990916,폐업,20160202,대전광역시 서구 도마동 25-8번지,24.0
401,오비게이트나드리2,호프/통닭,19970616,폐업,20050524,대전광역시 서구 도마동 142-14번지 (2층),111.84
402,산에언덕에,호프/통닭,19971024,폐업,20060613,대전광역시 서구 도마동 15-1번지 (도마스토아 118호),26.95
403,컴퓨터와휴식공간,호프/통닭,19971028,폐업,20040204,대전광역시 서구 도마동 23-33번지,128.35
404,해피꼬치킨,통닭(치킨),19980921,폐업,20140717,대전광역시 서구 도마동 50-52번지,30.61
405,엎어식당,호프/통닭,19990609,폐업,20140818,대전광역시 서구 도마동 109-5번지,93.18
406,멕시카나치킨식당,통닭(치킨),19971110,폐업,20120405,대전광역시 서구 도마동 142-3번지,29.97
407,헬로우코코구이,통닭(치킨),20021206,폐업,20040531,대전광역시 서구 도마동 107-9번지,21.92
408,맛쎈깐풍기,호프/통닭,19990823,폐업,20120928,대전광역시 서구 도마동 35-27번지,15.78
409,꼬꾸마시배재점,호프/통닭,20021025,폐업,20071218,대전광역시 서구 도마동 121-4번지,90.71
410,빨간오뎅,호프/통닭,19990823,폐업,20040616,대전광역시 서구 도마동 34-42번지,21.79
411,논스톱,호프/통닭,19950830,폐업,20080326,대전광역시 서구 도마동 328-26번지,93.17
412,리베,호프/통닭,20051206,폐업,20170515,대전광역시 서구 변동 80-5번지 1층,46.57
413,멜리(배재점),호프/통닭,19971223,폐업,20060925,대전광역시 서구 도마동 25-6번지,163.34
414,징기스칸,호프/통닭,19980323,폐업,20060925,대전광역시 서구 도마동 88-2번지 (1층),11.09
415,맥주랑소주랑,호프/통닭,20021111,폐업,20061023,대전광역시 서구 도마동 39-15번지,16.28
416,큰통치킨,호프/통닭,20021221,폐업,20180418,대전광역시 서구 도마동 49-9번지,63.97
417,바커스,호프/통닭,20011220,폐업,20031028,대전광역시 서구 도마동 120-1번지,79.88
418,이카루스,호프/통닭,20020531,폐업,20071205,대전광역시 서구 도마동 60-36번지,26.65
419,칼리,호프/통닭,20030906,폐업,20140820,대전광역시 서구 도마동 142-40번지,84.92
420,홍대를정복한똥집도마점,통닭(치킨),20120125,폐업,20150506,대전광역시 서구 도마동 33-1번지,39.33
421,올스타,호프/통닭,20101229,폐업,20150223,대전광역시 서구 도마동 15-1번지 (지하1층 101호),155.2
422,반할껄홀딱치킨,통닭(치킨),20070620,폐업,20091223,대전광역시 서구 도마동 121-7번지 1층9호,23.89
423,하림훼미리치킨,통닭(치킨),20030612,폐업,20050609,대전광역시 서구 도마동 125-2번지,24.22
424,써니비어,호프/통닭,20070612,폐업,20170131,대전광역시 서구 도마동 34-29번지 1층,38.33
425,무우호프,호프/통닭,19990225,폐업,20180806,대전광역시 서구 도마동 175-14번지,95.42
426,최가네왕족발보쌈식당,통닭(치킨),19990305,폐업,20071102,대전광역시 서구 변동 73-3번지,0.0
427,버블하우스,호프/통닭,20070801,폐업,20170713,대전광역시 서구 도마동 26-29번지 1층,69.89
428,사랑방치킨,통닭(치킨),20040921,폐업,20080908,대전광역시 서구 도마동 84-1번지 1층,26.22
429,계동치킨,호프/통닭,20070912,폐업,20200305,대전광역시 서구 도마동 47-28번지 (1층),35.28
430,좋은사람들,호프/통닭,20030617,폐업,20060613,대전광역시 서구 도마동 120-1번지,78.97
431,호프광장,호프/통닭,20030723,폐업,20110628,대전광역시 서구 변동 21-4번지,97.73
432,아이리스,호프/통닭,20050310,폐업,20170328,대전광역시 서구 도마동 120-21번지 지하1층,107.0
433,꾸이마당,호프/통닭,20040924,폐업,20170330,대전광역시 서구 도마동 66-1번지 1층,28.61
434,청량리골뱅이,호프/통닭,20060831,폐업,20070510,대전광역시 서구 도마동 124-5번지 1층,38.85
435,비어캐슬,호프/통닭,20060818,폐업,20070601,대전광역시 서구 도마동 103-4번지 1층,67.75
436,오케이호프,호프/통닭,20060901,폐업,20191227,대전광역시 서구 도마동 69-6번지 1층,32.69
437,2080막걸리광장,호프/통닭,20060901,폐업,20070731,대전광역시 서구 도마동 131-1번지 1층,110.04
438,달인,호프/통닭,20071109,폐업,20130423,대전광역시 서구 도마동 61-9번지 (1층),79.84
439,중앙치킨,통닭(치킨),20030315,폐업,20060925,대전광역시 서구 도마동 132-20번지,17.16
440,박수일의배달,호프/통닭,20030315,폐업,20140819,대전광역시 서구 도마동 120-6번지,200.01
441,렉시식당,호프/통닭,20030326,폐업,20170328,대전광역시 서구 도마동 113-16번지,64.25
442,펀펀퓨전치킨뷔페,호프/통닭,20120828,폐업,20140820,대전광역시 서구 도마동 24-7번지,179.2
443,아이씨지치킨앤버거 도마배재대점,호프/통닭,20120828,폐업,20170809,대전광역시 서구 도마동 29-22번지,32.28
444,미쳐버린파닭,통닭(치킨),20110722,폐업,20130516,대전광역시 서구 도마동 330-22번지 (1층),42.05
445,소문난호프,호프/통닭,20110726,폐업,20120410,대전광역시 서구 변동 64-35번지 (1층),80.84
446,진희네잔치국수,호프/통닭,20060403,폐업,20151201,대전광역시 서구 도마동 106-21번지 (1층),68.39
447,황금포차,호프/통닭,20110816,폐업,20150616,대전광역시 서구 변동 19-20번지 1층,30.6
448,공감식당,호프/통닭,20060404,폐업,20200224,대전광역시 서구 도마동 328-4번지 도마@상가1층5호,84.05
449,해피꼬바베큐,호프/통닭,20060406,폐업,20110620,대전광역시 서구 도마동 47-28번지 1층,30.57
450,장충동왕족발보쌈,호프/통닭,20060414,폐업,20190115,대전광역시 서구 도마동 188-1번지 1층,35.8
451,웰빙족발별난치킨,통닭(치킨),20061120,폐업,20081027,대전광역시 서구 도마동 33-1번지 1층,22.95
452,풍년치킨호프,통닭(치킨),20120321,폐업,20130122,대전광역시 서구 도마동 171-40번지 1층,26.4
453,아싸리비야매운떡볶이,호프/통닭,20101214,폐업,20141010,대전광역시 서구 도마동 110-12번지 1층,28.21
454,버블하우스,호프/통닭,20171018,폐업,20190726,대전광역시 서구 도마동 26-29번지,95.34
455,더조은두마리치킨,통닭(치킨),20061115,폐업,20120614,대전광역시 서구 도마동 328-4번지 (1층 3호),43.23
456,로그아웃,호프/통닭,20060515,폐업,20080604,대전광역시 서구 도마동 109-6번지 2층,77.78
457,다모아,호프/통닭,20070629,폐업,20170328,대전광역시 서구 도마동 125-2번지 (1층),38.25
458,정류장호프,호프/통닭,20180419,폐업,20190620,대전광역시 서구 변동 7-39번지,38.66
459,클라우드,호프/통닭,20110209,폐업,20150105,대전광역시 서구 도마동 50-28번지 (1층),27.07
460,동네오빠,호프/통닭,20180213,폐업,20190306,대전광역시 서구 도마동 50-29번지,30.29
461,모여라불닭발,호프/통닭,20111010,폐업,20170515,대전광역시 서구 변동 24-51번지 (1층),37.8
462,도쿄라멘3900,호프/통닭,20160118,폐업,20200413,대전광역시 서구 도마동 35-7번지,26.45
463,불닭스토리,호프/통닭,20160218,폐업,20171120,대전광역시 서구 도마동 33-14번지,15.18
464,붐,호프/통닭,20060609,폐업,20100212,"대전광역시 서구 도마동 194번지 1,2층",105.84
465,약속커피호프,호프/통닭,20160923,폐업,20170529,대전광역시 서구 도마동 103-11번지,17.86
466,만년닭강정배재대점,호프/통닭,20180309,폐업,20190312,대전광역시 서구 도마동 25-2번지,36.75
467,요런요치킨,호프/통닭,20160407,폐업,20160627,대전광역시 서구 도마동 107-27번지,39.6
468,낭만포차,호프/통닭,20180713,폐업,20191205,대전광역시 서구 변동 41-21번지,34.37
469,옛날왕족발보쌈,통닭(치킨),20051116,폐업,20070615,대전광역시 서구 도마동 165-9번지 1층,19.0
470,맥시칸양녕통닭내동가장점,통닭(치킨),20060629,폐업,20081231,대전광역시 서구 변동 16-1번지 1층,28.84
471,고소미치킨배재대점,통닭(치킨),20120216,폐업,20130605,대전광역시 서구 도마동 25-2번지 1층,32.11
